model_name,alpha,mae_valid,rmse_valid,r2_valid
Lasso,0.1,2.0791961869621223,2.8106104046636897,0.02437688933803661
Lasso,1.0,1.9507341898478272,2.831988596935562,0.009478787230683072
Lasso,10.0,2.0312971342383106,2.8983738175714904,-0.037503512662905525
Lasso,100.0,2.0312971342383106,2.8983738175714904,-0.037503512662905525
Lasso,0.01,2.51965365138458,3.1485944042312526,-0.22437433827889208
