specification,interpretation,term,coef,se,p_value,ci_low,ci_high,nobs,countries,years,status
Excluding 2015,2015 measurement-change diagnostic,poverty_or_social_exclusion_pc,0.09927116499764435,0.059783965399402166,0.09681427622435199,-0.01790325403817264,0.21644558403346134,252,30,9,estimated
2016 onward,post-2015 restriction,poverty_or_social_exclusion_pc,0.09927116499764435,0.059783965399402166,0.09681427622435199,-0.01790325403817264,0.21644558403346134,252,30,9,estimated
2016-2019,pre-COVID period,poverty_or_social_exclusion_pc,0.16883104221749842,0.09968604902296344,0.0903360733157886,-0.026550023628604147,0.364212108063601,120,30,4,estimated
2020-2024,COVID/post-COVID period,poverty_or_social_exclusion_pc,0.07791941750991135,0.10226194776056725,0.4460844394602843,-0.12251031708971691,0.2783491521095396,132,30,5,estimated
