model,mean_mae,sd_mae,mean_rmse,folds
Lasso,0.5944376052721868,0.20960524933378077,0.9436285779122345,5
Elastic Net,0.6211315633203548,0.20238706332086756,0.9688282655967626,5
Ridge,0.648195741459424,0.20629568038093576,0.9928246568844873,5
Random Forest,0.7474040425531918,0.3929320107698887,1.2283106046003751,5
XGBoost,0.7827447530147278,0.33021547316420236,1.2980425054811628,5
