model,test_mae,mae_ci_low,mae_ci_high,bootstrap_replicates
Lasso,0.6666723413101328,0.48925841457859914,0.8718880639590059,1000
Elastic Net,0.6746138668935102,0.5073687523208833,0.8695002903867627,1000
Ridge,0.6929917834302581,0.5253659204136667,0.8930507123089181,1000
Random Forest,0.7273390804597705,0.5164818965517244,0.965811350574713,1000
XGBoost,0.7693886371179558,0.5580940300799992,1.0076113356144607,1000
