specification,term,coef,se,p_value,ci_low,ci_high,nobs,countries,dropped_countries
Drop top 3 high-unmet countries,poverty_or_social_exclusion_pc,0.2099134906570456,0.06556521348437157,0.0013666733002454005,0.08140567222767733,0.3384213090864139,263,28,"AL, EE, LV"
Drop bottom 3 low-unmet countries,poverty_or_social_exclusion_pc,0.18067772835907997,0.07012535421868855,0.009980722147888282,0.0432320340904504,0.31812342262770954,253,27,"MT, AT, NL"
Drop top 3 and bottom 3,poverty_or_social_exclusion_pc,0.2210859950287652,0.06844445223420464,0.0012372435375357903,0.08693486864972408,0.3552371214078063,234,25,"AL, EE, LV, MT, AT, NL"
