specification,term,coef,se,p_value,ci_low,ci_high,nobs,countries
Exclude COVID 2020-2022,poverty_or_social_exclusion_pc,0.22979105556685428,0.08479953047432176,0.006732070795979618,0.06358397583718364,0.39599813529652494,195,30
Exclude 2015 measurement-change year,poverty_or_social_exclusion_pc,0.09927116499764435,0.059783965399402166,0.09681427622435199,-0.017905407185183894,0.2164477371804726,252,30
Restrict 2016 onward,poverty_or_social_exclusion_pc,0.09927116499764435,0.059783965399402166,0.09681427622435199,-0.017905407185183894,0.2164477371804726,252,30
