specification,term,coef,se,p_value,ci_low,ci_high,nobs,countries
1-year lagged covariates,poverty_or_social_exclusion_pc,0.07386741888177871,0.05532716919906243,0.18184293759921422,-0.034573832748383646,0.18230867051194105,280,30
2-year lagged covariates,poverty_or_social_exclusion_pc,-0.06586295571244925,0.09893165037174902,0.5055760169652195,-0.2597689904410773,0.12804307901617884,262,30
