model_name,alpha,mae_valid,rmse_valid,r2_valid
Ridge,100.0,1.6133267559022402,2.5342968516985214,0.20677617835910966
Ridge,10.0,2.230525928585588,2.9040314172526966,-0.04155786092217206
Ridge,1.0,2.521649194321908,3.1447577750547757,-0.22139230393418607
Ridge,0.1,2.591050136293664,3.2323458245864236,-0.2903764206316588
Ridge,0.01,2.6172664648687105,3.2791997392875234,-0.32805640782183887
